prediction_id,cancer
10008_L,0.0211676964135561
10008_R,0.0211676964135561
